{
  "project_info": {
    "project_number": "661807713788",
    "firebase_url": "https://push-22fe0.firebaseio.com",
    "project_id": "push-22fe0",
    "storage_bucket": "push-22fe0.appspot.com"
  },
  "client": [
    {
      "client_info": {
        "mobilesdk_app_id": "1:661807713788:android:fd21f04fef3908ff",
        "android_client_info": {
          "package_name": "com.bnbd.push"
        }
      },
      "oauth_client": [
        {
          "client_id": "661807713788-3a9l8rs0sar37biksbpspetpdl357bg8.apps.googleusercontent.com",
          "client_type": 3
        }
      ],
      "api_key": [
        {
          "current_key": "AIzaSyDuTNdnREsvEZMI1GsaUNM_BurX7mP3jPM"
        }
      ],
      "services": {
        "analytics_service": {
          "status": 1
        },
        "appinvite_service": {
          "status": 1,
          "other_platform_oauth_client": []
        },
        "ads_service": {
          "status": 2
        }
      }
    }
  ],
  "configuration_version": "1"
}